timeStamp,elapsed,label,responseCode,responseMessage,threadName,dataType,success,failureMessage,bytes,sentBytes,grpThreads,allThreads,URL,Latency,IdleTime,Connect
1762530888016,700,Visit the register page,200,OK,Thread Group 1-4,text,true,,3067,123,18,18,https://todo.qacart.com/signup,698,0,611
1762530888360,356,Visit the register page,200,OK,Thread Group 1-11,text,true,,3067,123,18,18,https://todo.qacart.com/signup,350,0,267
1762530887952,763,Visit the register page,200,OK,Thread Group 1-1,text,true,,3067,123,18,18,https://todo.qacart.com/signup,757,0,674
1762530887952,763,Visit the register page,200,OK,Thread Group 1-2,text,true,,3067,123,18,18,https://todo.qacart.com/signup,758,0,674
1762530888162,554,Visit the register page,200,OK,Thread Group 1-7,text,true,,3067,123,18,18,https://todo.qacart.com/signup,548,0,465
1762530888112,604,Visit the register page,200,OK,Thread Group 1-6,text,true,,3067,123,18,18,https://todo.qacart.com/signup,599,0,515
1762530888064,652,Visit the register page,200,OK,Thread Group 1-5,text,true,,3067,123,18,18,https://todo.qacart.com/signup,648,0,563
1762530888459,257,Visit the register page,200,OK,Thread Group 1-13,text,true,,3067,123,18,18,https://todo.qacart.com/signup,255,0,179
1762530888261,455,Visit the register page,200,OK,Thread Group 1-9,text,true,,3067,123,18,18,https://todo.qacart.com/signup,450,0,366
1762530888211,505,Visit the register page,200,OK,Thread Group 1-8,text,true,,3067,123,18,18,https://todo.qacart.com/signup,500,0,416
1762530888409,307,Visit the register page,200,OK,Thread Group 1-12,text,true,,3067,123,18,18,https://todo.qacart.com/signup,302,0,218
1762530888310,406,Visit the register page,200,OK,Thread Group 1-10,text,true,,3067,123,18,18,https://todo.qacart.com/signup,400,0,317
1762530888508,229,Visit the register page,200,OK,Thread Group 1-14,text,true,,3067,123,18,18,https://todo.qacart.com/signup,229,0,157
1762530888557,230,Visit the register page,200,OK,Thread Group 1-15,text,true,,3067,123,19,19,https://todo.qacart.com/signup,230,0,155
1762530888719,1137,Register API,201,Created,Thread Group 1-5,text,true,,1388,294,20,20,https://todo.qacart.com/api/v1/users/register,1137,0,0
1762530888719,1340,Register API,201,Created,Thread Group 1-8,text,true,,1388,294,20,20,https://todo.qacart.com/api/v1/users/register,1340,0,0
1762530888719,1340,Register API,201,Created,Thread Group 1-1,text,true,,1388,292,20,20,https://todo.qacart.com/api/v1/users/register,1340,0,0
1762530888719,1341,Register API,201,Created,Thread Group 1-10,text,true,,1388,293,20,20,https://todo.qacart.com/api/v1/users/register,1341,0,0
1762530888719,1342,Register API,201,Created,Thread Group 1-7,text,true,,1388,294,20,20,https://todo.qacart.com/api/v1/users/register,1342,0,0
1762530888719,1343,Register API,201,Created,Thread Group 1-6,text,true,,1388,294,20,20,https://todo.qacart.com/api/v1/users/register,1343,0,0
1762530888719,1343,Register API,201,Created,Thread Group 1-11,text,true,,1388,293,20,20,https://todo.qacart.com/api/v1/users/register,1343,0,0
1762530888612,1451,Visit the register page,200,OK,Thread Group 1-16,text,true,,3067,123,20,20,https://todo.qacart.com/signup,1450,0,150
1762530888657,1407,Visit the register page,200,OK,Thread Group 1-17,text,true,,3067,123,20,20,https://todo.qacart.com/signup,1406,0,153
1762530888719,1345,Register API,201,Created,Thread Group 1-13,text,true,,1388,294,20,20,https://todo.qacart.com/api/v1/users/register,1345,0,0
1762530888719,1436,Register API,201,Created,Thread Group 1-9,text,true,,1388,294,20,20,https://todo.qacart.com/api/v1/users/register,1436,0,0
1762530888719,1446,Register API,201,Created,Thread Group 1-4,text,true,,1388,294,20,20,https://todo.qacart.com/api/v1/users/register,1446,0,0
1762530888704,1462,Visit the register page,200,OK,Thread Group 1-18,text,true,,3067,123,20,20,https://todo.qacart.com/signup,1461,0,156
1762530888719,1447,Register API,201,Created,Thread Group 1-2,text,true,,1388,294,20,20,https://todo.qacart.com/api/v1/users/register,1447,0,0
1762530888719,1447,Register API,201,Created,Thread Group 1-12,text,true,,1388,293,20,20,https://todo.qacart.com/api/v1/users/register,1447,0,0
1762530888755,1413,Visit the register page,200,OK,Thread Group 1-19,text,true,,3067,123,20,20,https://todo.qacart.com/signup,1413,0,157
1762530888817,1454,Visit the register page,200,OK,Thread Group 1-20,text,true,,3067,123,20,20,https://todo.qacart.com/signup,1454,0,153
1762530889883,392,Get tasks,200,OK,Thread Group 1-5,text,true,,786,352,20,20,https://todo.qacart.com/api/v1/tasks,392,0,0
1762530888737,1538,Register API,201,Created,Thread Group 1-14,text,true,,1388,294,20,20,https://todo.qacart.com/api/v1/users/register,1538,0,0
1762530887966,2317,Visit the register page,200,OK,Thread Group 1-3,text,true,,3067,123,20,20,https://todo.qacart.com/signup,2317,0,1286
1762530890061,425,Get tasks,200,OK,Thread Group 1-7,text,true,,786,352,20,20,https://todo.qacart.com/api/v1/tasks,425,0,0
1762530890060,427,Get tasks,200,OK,Thread Group 1-1,text,true,,786,352,20,20,https://todo.qacart.com/api/v1/tasks,427,0,0
1762530890062,425,Get tasks,200,OK,Thread Group 1-11,text,true,,786,352,20,20,https://todo.qacart.com/api/v1/tasks,425,0,0
1762530890060,427,Get tasks,200,OK,Thread Group 1-8,text,true,,786,352,20,20,https://todo.qacart.com/api/v1/tasks,427,0,0
1762530890062,425,Get tasks,200,OK,Thread Group 1-6,text,true,,786,352,20,20,https://todo.qacart.com/api/v1/tasks,425,0,0
1762530890061,427,Get tasks,200,OK,Thread Group 1-10,text,true,,786,352,20,20,https://todo.qacart.com/api/v1/tasks,427,0,0
1762530890156,332,Get tasks,200,OK,Thread Group 1-9,text,true,,786,352,20,20,https://todo.qacart.com/api/v1/tasks,332,0,0
1762530890064,424,Get tasks,200,OK,Thread Group 1-13,text,true,,786,352,20,20,https://todo.qacart.com/api/v1/tasks,424,0,0
1762530890167,534,Get tasks,200,OK,Thread Group 1-12,text,true,,786,352,20,20,https://todo.qacart.com/api/v1/tasks,534,0,0
1762530890165,537,Get tasks,200,OK,Thread Group 1-4,text,true,,786,352,20,20,https://todo.qacart.com/api/v1/tasks,537,0,0
1762530890166,536,Get tasks,200,OK,Thread Group 1-2,text,true,,786,352,20,20,https://todo.qacart.com/api/v1/tasks,536,0,0
1762530888788,1914,Register API,201,Created,Thread Group 1-15,text,true,,1388,294,20,20,https://todo.qacart.com/api/v1/users/register,1914,0,0
1762530890275,428,Get tasks,200,OK,Thread Group 1-14,text,true,,786,352,20,20,https://todo.qacart.com/api/v1/tasks,428,0,0
1762530890275,428,Add ToDo task,201,Created,Thread Group 1-5,text,true,,940,448,20,20,https://todo.qacart.com/api/v1/tasks,428,0,0
1762530890063,642,Register API,201,Created,Thread Group 1-16,text,true,,1388,294,20,20,https://todo.qacart.com/api/v1/users/register,642,0,0
1762530890064,641,Register API,201,Created,Thread Group 1-17,text,true,,1388,294,20,20,https://todo.qacart.com/api/v1/users/register,641,0,0
1762530890487,433,Add ToDo task,201,Created,Thread Group 1-7,text,true,,940,448,20,20,https://todo.qacart.com/api/v1/tasks,433,0,0
1762530890488,432,Add ToDo task,201,Created,Thread Group 1-6,text,true,,940,448,20,20,https://todo.qacart.com/api/v1/tasks,432,0,0
1762530890488,432,Add ToDo task,201,Created,Thread Group 1-10,text,true,,940,448,20,20,https://todo.qacart.com/api/v1/tasks,432,0,0
1762530890488,432,Add ToDo task,201,Created,Thread Group 1-8,text,true,,940,448,20,20,https://todo.qacart.com/api/v1/tasks,432,0,0
1762530890487,433,Add ToDo task,201,Created,Thread Group 1-1,text,true,,940,448,20,20,https://todo.qacart.com/api/v1/tasks,433,0,0
1762530890487,435,Add ToDo task,201,Created,Thread Group 1-11,text,true,,940,448,20,20,https://todo.qacart.com/api/v1/tasks,434,0,0
1762530890489,433,Add ToDo task,201,Created,Thread Group 1-9,text,true,,940,448,20,20,https://todo.qacart.com/api/v1/tasks,433,0,0
1762530890489,434,Add ToDo task,201,Created,Thread Group 1-13,text,true,,940,448,20,20,https://todo.qacart.com/api/v1/tasks,434,0,0
1762530890166,757,Register API,201,Created,Thread Group 1-18,text,true,,1388,293,20,20,https://todo.qacart.com/api/v1/users/register,757,0,0
1762530890168,755,Register API,201,Created,Thread Group 1-19,text,true,,1388,294,20,20,https://todo.qacart.com/api/v1/users/register,755,0,0
1762530890702,245,Add ToDo task,201,Created,Thread Group 1-12,text,true,,940,448,20,20,https://todo.qacart.com/api/v1/tasks,245,0,0
1762530890703,245,Add ToDo task,201,Created,Thread Group 1-4,text,true,,940,448,20,20,https://todo.qacart.com/api/v1/tasks,245,0,0
1762530890704,246,Add ToDo task,201,Created,Thread Group 1-14,text,true,,940,448,20,20,https://todo.qacart.com/api/v1/tasks,246,0,0
1762530890703,248,Add ToDo task,201,Created,Thread Group 1-2,text,true,,940,448,20,20,https://todo.qacart.com/api/v1/tasks,248,0,0
1762530890706,252,Get tasks,200,OK,Thread Group 1-16,text,true,,786,352,20,20,https://todo.qacart.com/api/v1/tasks,252,0,0
1762530890703,255,Get tasks,200,OK,Thread Group 1-15,text,true,,786,352,20,20,https://todo.qacart.com/api/v1/tasks,255,0,0
1762530890704,256,Get tasks,200,OK,Thread Group 1-5,text,true,,947,352,20,20,https://todo.qacart.com/api/v1/tasks,256,0,0
1762530890706,254,Get tasks,200,OK,Thread Group 1-17,text,true,,786,352,20,20,https://todo.qacart.com/api/v1/tasks,254,0,0
1762530890284,676,Register API,201,Created,Thread Group 1-3,text,true,,1388,294,20,20,https://todo.qacart.com/api/v1/users/register,676,0,0
1762530890271,691,Register API,201,Created,Thread Group 1-20,text,true,,1388,294,20,20,https://todo.qacart.com/api/v1/users/register,691,0,0
1762530890921,96,Get tasks,200,OK,Thread Group 1-8,text,true,,947,352,19,19,https://todo.qacart.com/api/v1/tasks,96,0,0
1762530890921,97,Get tasks,200,OK,Thread Group 1-7,text,true,,947,352,18,18,https://todo.qacart.com/api/v1/tasks,97,0,0
1762530890921,97,Get tasks,200,OK,Thread Group 1-6,text,true,,947,352,18,18,https://todo.qacart.com/api/v1/tasks,97,0,0
1762530890921,100,Get tasks,200,OK,Thread Group 1-1,text,true,,947,352,16,16,https://todo.qacart.com/api/v1/tasks,100,0,0
1762530890921,100,Get tasks,200,OK,Thread Group 1-10,text,true,,947,352,16,16,https://todo.qacart.com/api/v1/tasks,100,0,0
1762530890923,100,Get tasks,200,OK,Thread Group 1-18,text,true,,786,352,14,14,https://todo.qacart.com/api/v1/tasks,100,0,0
1762530890922,101,Get tasks,200,OK,Thread Group 1-9,text,true,,947,352,14,14,https://todo.qacart.com/api/v1/tasks,101,0,0
1762530890923,102,Get tasks,200,OK,Thread Group 1-13,text,true,,947,352,13,13,https://todo.qacart.com/api/v1/tasks,102,0,0
1762530890922,103,Get tasks,200,OK,Thread Group 1-11,text,true,,947,352,13,13,https://todo.qacart.com/api/v1/tasks,103,0,0
1762530890923,103,Get tasks,200,OK,Thread Group 1-19,text,true,,786,352,11,11,https://todo.qacart.com/api/v1/tasks,103,0,0
1762530890947,94,Get tasks,200,OK,Thread Group 1-12,text,true,,947,352,11,11,https://todo.qacart.com/api/v1/tasks,94,0,0
1762530890950,94,Get tasks,200,OK,Thread Group 1-14,text,true,,947,352,10,10,https://todo.qacart.com/api/v1/tasks,94,0,0
1762530890949,96,Get tasks,200,OK,Thread Group 1-4,text,true,,947,352,9,9,https://todo.qacart.com/api/v1/tasks,96,0,0
1762530890951,97,Get tasks,200,OK,Thread Group 1-2,text,true,,947,352,8,8,https://todo.qacart.com/api/v1/tasks,97,0,0
1762530890961,99,Add ToDo task,201,Created,Thread Group 1-17,text,true,,940,448,7,7,https://todo.qacart.com/api/v1/tasks,99,0,0
1762530890958,102,Add ToDo task,201,Created,Thread Group 1-15,text,true,,940,448,7,7,https://todo.qacart.com/api/v1/tasks,102,0,0
1762530890958,102,Add ToDo task,201,Created,Thread Group 1-16,text,true,,940,448,7,7,https://todo.qacart.com/api/v1/tasks,102,0,0
1762530890962,98,Get tasks,200,OK,Thread Group 1-20,text,true,,786,352,7,7,https://todo.qacart.com/api/v1/tasks,98,0,0
1762530890961,100,Get tasks,200,OK,Thread Group 1-3,text,true,,786,352,7,7,https://todo.qacart.com/api/v1/tasks,100,0,0
1762530891023,101,Add ToDo task,201,Created,Thread Group 1-18,text,true,,940,448,7,7,https://todo.qacart.com/api/v1/tasks,100,0,0
1762530891027,99,Add ToDo task,201,Created,Thread Group 1-19,text,true,,940,448,7,7,https://todo.qacart.com/api/v1/tasks,99,0,0
1762530891060,96,Get tasks,200,OK,Thread Group 1-16,text,true,,947,352,7,7,https://todo.qacart.com/api/v1/tasks,96,0,0
1762530891060,97,Get tasks,200,OK,Thread Group 1-17,text,true,,947,352,6,6,https://todo.qacart.com/api/v1/tasks,97,0,0
1762530891060,103,Get tasks,200,OK,Thread Group 1-15,text,true,,947,352,5,5,https://todo.qacart.com/api/v1/tasks,103,0,0
1762530891061,102,Add ToDo task,201,Created,Thread Group 1-20,text,true,,940,448,5,5,https://todo.qacart.com/api/v1/tasks,102,0,0
1762530891061,102,Add ToDo task,201,Created,Thread Group 1-3,text,true,,940,448,5,5,https://todo.qacart.com/api/v1/tasks,102,0,0
1762530891124,98,Get tasks,200,OK,Thread Group 1-18,text,true,,947,352,4,4,https://todo.qacart.com/api/v1/tasks,98,0,0
1762530891126,99,Get tasks,200,OK,Thread Group 1-19,text,true,,947,352,3,3,https://todo.qacart.com/api/v1/tasks,99,0,0
1762530891163,99,Get tasks,200,OK,Thread Group 1-3,text,true,,947,352,2,2,https://todo.qacart.com/api/v1/tasks,99,0,0
1762530891163,99,Get tasks,200,OK,Thread Group 1-20,text,true,,947,352,2,2,https://todo.qacart.com/api/v1/tasks,99,0,0
